template_name,output_name,me_name,assessment_name,facility_id,facility_name
Daeyang Luke,Daeyang Luke,Daeyang Luke,Daeyang Luke Hospital,1150,Daeyang Luke Hospital
Likuni,Likuni,Likuni,Likuni Mission Hospital,93,Likuni Mission Hospital
Dzenza,Dzenza,Dzenza,Dzenza Health Centre,967,Dzenza Health Centre
Chinsapo,Chinsapo,Chinsapo,Lilongwe City Assembly Health Centre (Chinsapo),813,Lilongwe City Assembly Chinsapo
Area 25,Area 25,Area 25,Area 25 Health Centre,710,Area 25 Health Centre
PIH Moyo,PIH Moyo,PIH Moyo,Partners in Hope Clinic- Moyo,208,Partners In Hope Clinic
Kachere,Kachere,Kachere,Kachere Private Clinic,1266,Kachere Private Clinic
Mazko,Maziko,Maziko,Maziko Private Clinic,1274,Maziko Private Clinic
Chonde,Chonde,Chonde,Chonde Health Centre,39,Chonde Health Centre
Mbabvi,Mbabvi,Mbabvi,Mbabvi Health Centre,997,Mbabvi Health Centre
Mponela DHO,Mponela Rural Hospital,Mponela,Mponela Rural Hospital,475,Mponela Rural Hospital
Kasungu DHO,Kasungu DHO,Kasungu DHO,Kasungu District Hospital,78,Kasungu District Hospital
Mulanje DHO,Mulanje DHO,Mulanje DHO,Mulanje District Hospital,166,Mulanje District Hospital
Namasalima,Namasalima,Namasalima,Namasalima Health Centre,848,Namasalima Health Centre Mulanje
Iponga,Iponga,Iponga,Iponga Health Centre,58,Iponga Health Centre
Thuchila,Thuchila,Thuchila,Thuchila Health Centre,232,Thuchila Health Centre
Kalemba,Kalemba,Kalemba,Kalemba Health Centre,767,Kalemba Community Hospital
Chikwawa DHO,Chikwawa DHO,Chikwawa DHO,Chikwawa District Hospital,16,Chikwawa District Hospital
St Montfort,St Montfort,St Montfort,St Montfort Hospital,559,St Montfort Hospital
Mulanje Mission,Mulanje Mission,Mulanje Mission,Mulanje Mission Hospital,167,Mulanje Mission Hospital
Lengwe,Lengwe,Lengwe,Lengwe Health Centre,1177,Lengwe Health Centre
Mpala,Mpala,Mpala,Mpala Health Centre,158,Mpala Health Centre
Muloza,Muloza,Muloza,Muloza Health Centre,1032,Muloza Health Centre
Namphungo,Namphungo,Namphungo,Namphungo Health Centre,864,Namphungo Health Centre
Ndamera,Ndamera,Ndamera,Ndamera Health Centre,766,Ndamera Health Centre
Mbiza,Mbiza,Mbiza,Mbiza Health Centre,135,Mbiza Health Centre
Namulenga,Namulenga,Namulenga,Namulenga Health Centre,865,Namulenga Health Centre
Nkomaola,Nkomaola,Nkomaola,Mkomaola Health Centre,1182,Nkomaola Health Centre
Mbenje,Mbenje,Mbenje,Mbenje Health Centre,765,Mbenje Health Centre
Chambe,Chambe,Chambe,Chambe Health Centre,13,Chambe Health Centre
Kaluluma,Kaluluma,Kaluluma,Kaluluma Rural Hospital,321,Kaluluma Rural Hospital
